{
    "web_accessible_resources": [
        "icons/*"
    ], 
    "description": "Import events on any webpage directly into Startup Digest.", 
    "content_scripts": [
        "content.js"
    ], 
    "creator": "UP Global", 
    "framework_version": "1.7.9 e39b6ff2fcc8", 
    "background_scripts": [
        "main.js"
    ], 
    "homepage_url": "http://www.startupdigest.com", 
    "version": "0.0.5", 
    "framework_package_id": "dev", 
    "browser_button": {
        "caption": "Startup Digest Clipper", 
        "tooltipText": "Startup Digest Clipper", 
        "icon": "icons/icon32.png"
    }, 
    "id": "omcampagaaaaflhkbacinoakfdijibgd", 
    "name": "Startup Digest Clipper"
}